-- MySQL dump 10.13  Distrib 8.4.0, for Linux (x86_64)
--
-- Host: localhost    Database: v2raysocks
-- ------------------------------------------------------
-- Server version	8.4.0

/*!40101 SET @OLD_CHARACTER_SET_CLIENT=@@CHARACTER_SET_CLIENT */;
/*!40101 SET @OLD_CHARACTER_SET_RESULTS=@@CHARACTER_SET_RESULTS */;
/*!40101 SET @OLD_COLLATION_CONNECTION=@@COLLATION_CONNECTION */;
/*!50503 SET NAMES utf8mb4 */;
/*!40103 SET @OLD_TIME_ZONE=@@TIME_ZONE */;
/*!40103 SET TIME_ZONE='+00:00' */;
/*!40014 SET @OLD_UNIQUE_CHECKS=@@UNIQUE_CHECKS, UNIQUE_CHECKS=0 */;
/*!40014 SET @OLD_FOREIGN_KEY_CHECKS=@@FOREIGN_KEY_CHECKS, FOREIGN_KEY_CHECKS=0 */;
/*!40101 SET @OLD_SQL_MODE=@@SQL_MODE, SQL_MODE='NO_AUTO_VALUE_ON_ZERO' */;
/*!40111 SET @OLD_SQL_NOTES=@@SQL_NOTES, SQL_NOTES=0 */;

--
-- Table structure for table `node`
--

DROP TABLE IF EXISTS `node`;
/*!40101 SET @saved_cs_client     = @@character_set_client */;
/*!50503 SET character_set_client = utf8mb4 */;
CREATE TABLE `node` (
  `id` int NOT NULL AUTO_INCREMENT,
  `type` varchar(100) NOT NULL DEFAULT 'vmess',
  `name` varchar(100) NOT NULL,
  `address` varchar(100) NOT NULL,
  `client_port` varchar(100) NOT NULL,
  `backend_port` int NOT NULL,
  `multiple_entry` varchar(300) DEFAULT NULL,
  `multiple_entry_type` tinyint DEFAULT NULL,
  `port_range` varchar(11) NOT NULL,
  `transfer_type` varchar(11) DEFAULT NULL,
  `weekly_reset_port` int NOT NULL DEFAULT '0',
  `allow_reset_port` tinyint NOT NULL,
  `max_traffic` int NOT NULL DEFAULT '0',
  `tls` varchar(100) DEFAULT NULL,
  `network` varchar(100) DEFAULT 'tcp',
  `snidomain` varchar(100) DEFAULT NULL,
  `encryption` varchar(100) DEFAULT NULL,
  `dns_json` json DEFAULT NULL,
  `network_settings_json` json DEFAULT NULL,
  `domain_rule_json` json DEFAULT NULL,
  `protocol_rule_json` json DEFAULT NULL,
  `traffic_rate` float DEFAULT '1',
  `dynamic_rate_case` varchar(3) DEFAULT NULL,
  `country` varchar(100) DEFAULT NULL,
  `device_limit` int DEFAULT NULL,
  `speed_limit` int DEFAULT NULL,
  `excessive_speed_limit` int NOT NULL DEFAULT '0',
  `tag` varchar(1024) DEFAULT NULL,
  `statistics` bigint DEFAULT '0',
  `statistics_reset_day` tinyint NOT NULL,
  `status` json DEFAULT NULL,
  `assigned` varchar(1024) DEFAULT NULL,
  `online` int DEFAULT '0',
  `last_online` int DEFAULT '0',
  `enable` tinyint(1) NOT NULL DEFAULT '1',
  `remark` text,
  `vps_url` varchar(1024) DEFAULT NULL,
  PRIMARY KEY (`id`)
) ENGINE=InnoDB AUTO_INCREMENT=13 DEFAULT CHARSET=utf8mb4 COLLATE=utf8mb4_0900_ai_ci;
/*!40101 SET character_set_client = @saved_cs_client */;

--
-- Dumping data for table `node`
--

LOCK TABLES `node` WRITE;
/*!40000 ALTER TABLE `node` DISABLE KEYS */;
INSERT INTO `node` VALUES (9,'shadowsocks','🇩🇪 Germany 01','de01.6yui-uid1-dgkl-57i9.291600.xyz','12420',2916,'',NULL,'','transfer',0,0,0,'','tcp,udp','','2022-blake3-aes-128-gcm','[]','[]','[\"gov.cn\", \"gqt.org.cn\", \"cctv.com\", \"cctv.cn\", \"xuexi.cn\", \"pbccrc.org.cn\", \"bank.ecitic.com\", \"12377.cn\", \"12321.cn\", \"ldnews.cn\", \"qinglangtianjin.com\", \"hangzhoujubao.com\", \"bjjubao.org.cn\", \"sdjuvao.cn\", \"cpd.com.cn\", \"news.cn\", \"people.com.cn\", \"toutiao.com\", \"rednet.cn\", \"alipay.com\", \"tenpay.com\", \"unionpay.com\", \"yunshanfu.cn\", \"icbc.com.cn\", \"ccb.com\", \"boc.cn\", \"bankcomm.com\", \"abchina.com\", \"cmbchina.com\", \"psbc.com\", \"cebbank.com\", \"cmbc.com.cn\", \"spdb.com.cn\", \"cib.com.cn\", \"hxb.com.cn\", \"cgbchina.com.cn\", \"jcbcard.cn\", \"adbc.com.cn\", \"pingan.com\", \"10099.com.cn\", \"10010.com\", \"189.cn\", \"10086.cn\", \"zijieapi.com\", \"izuiyou.com\", \"ixiaochuan.cn\", \"pipigx.com\", \"1688.com\", \"tmall.com\", \"taobao.com\", \"jd.com\", \"pinduoduo.com\", \"oneniceapp.com\", \"vip.com\", \"tianya.cn\", \"tieba.baidu.com\", \"xiaohongshu.com\", \"weibo.com\", \"weibo.cn\", \"zhihu.com\", \"douban.com\", \"renren.com\", \"xiaomi.cn\", \"oppo.cn\", \"oneplusbbs.com\", \"bbs.vivo.com.cn\", \"club.lenovo.com.cn\", \"bbs.iqoo.com\", \"realmebbs.com\", \"rogbbs.asus.com.cn\", \"bbs.myzte.cn\", \"club.huawei.com\", \"bbs.meizu.cn\", \"coolapk.com\", \"bbsuc.cn\", \"tangdou.com\", \"duitang.com\"]','[\"bittorrent\"]',1,'','DE',20,10000,1000,'',85408938332,23,'{\"cpu\": \"0%\", \"mem\": \"11%\", \"net\": \"\", \"disk\": \"13%\", \"uptime\": 579966}','1,2,3,4,5,6,7,8',1,1754021985,1,'',''),(10,'trojan','🇯🇵 Japan 01','jp01.sr6b-w7ff-zq7p-gta9.291600.xyz','443',2916,'',NULL,'','transfer',0,0,480,'tls','tcp','content.edge-icloud.com','','[]','[]','[\"gov.cn\", \"gqt.org.cn\", \"cctv.com\", \"cctv.cn\", \"xuexi.cn\", \"pbccrc.org.cn\", \"bank.ecitic.com\", \"12377.cn\", \"12321.cn\", \"ldnews.cn\", \"qinglangtianjin.com\", \"hangzhoujubao.com\", \"bjjubao.org.cn\", \"sdjuvao.cn\", \"cpd.com.cn\", \"news.cn\", \"people.com.cn\", \"toutiao.com\", \"rednet.cn\", \"alipay.com\", \"tenpay.com\", \"unionpay.com\", \"yunshanfu.cn\", \"icbc.com.cn\", \"ccb.com\", \"boc.cn\", \"bankcomm.com\", \"abchina.com\", \"cmbchina.com\", \"psbc.com\", \"cebbank.com\", \"cmbc.com.cn\", \"spdb.com.cn\", \"cib.com.cn\", \"hxb.com.cn\", \"cgbchina.com.cn\", \"jcbcard.cn\", \"adbc.com.cn\", \"pingan.com\", \"10099.com.cn\", \"10010.com\", \"189.cn\", \"10086.cn\", \"zijieapi.com\", \"izuiyou.com\", \"ixiaochuan.cn\", \"pipigx.com\", \"1688.com\", \"tmall.com\", \"taobao.com\", \"jd.com\", \"pinduoduo.com\", \"oneniceapp.com\", \"vip.com\", \"tianya.cn\", \"tieba.baidu.com\", \"weibo.com\", \"weibo.cn\", \"zhihu.com\", \"douban.com\", \"renren.com\", \"xiaomi.cn\", \"oppo.cn\", \"oneplusbbs.com\", \"bbs.vivo.com.cn\", \"club.lenovo.com.cn\", \"bbs.iqoo.com\", \"realmebbs.com\", \"rogbbs.asus.com.cn\", \"bbs.myzte.cn\", \"club.huawei.com\", \"bbs.meizu.cn\", \"coolapk.com\", \"bbsuc.cn\", \"tangdou.com\", \"duitang.com\"]','[\"bittorrent\"]',1,'','JP',20,10000,1000,'',3547792981,1,'{\"cpu\": \"0%\", \"mem\": \"28%\", \"net\": \"\", \"disk\": \"14%\", \"uptime\": 635122}','1,2,3,4,5,6,7,8',2,1754021952,1,'',''),(11,'shadowsocks','🇺🇸 United States 01','us01.oxl1-eem5-cffh-73i3.291600.xyz','12420',2916,NULL,NULL,'','transfer',0,0,0,'','tcp,udp','','2022-blake3-aes-128-gcm','[]','[]','[\"127.0.0.1\", \"::1\", \"regexp:(.+\\\\.|^)(360|so)\\\\.(cn|com)\", \"regexp:(\\\\.guanjia\\\\.qq\\\\.com|qqpcmgr|QQPCMGR)\", \"regexp:(.*\\\\.|)(rising|kingsoft|duba|xindubawukong|jinshanduba)\\\\.(com|net|org)\", \"regexp:(api|ps|sv|offnavi|newvector|ulog\\\\.imap|newloc)(\\\\.map|)\\\\.(baidu|n\\\\.shifen)\\\\.com\", \"regexp:(ed2k|.tor­rent|peer_id=|an­nounce|in­fo_hash|get_peers|find­_n­ode|Bit­Tor­rent|an­nounce_peer|an­nounce.php?passkey=|mag­net:|xun­lei|sandai|Thun­der|XL­LiveUD|bt_key)\", \"regexp:(torrent|.torrent|peer_id=|info_hash|get_peers|find_node|BitTorrent|announce_peer|announce.php?passkey=)\", \"regexp:(.?)(xunlei|sandai|Thunder|XLLiveUD)(.)\", \"regexp:BitTorrent protocol\", \"regexp:Private Tracker protocol\", \"regexp:bittorrent\", \"regexp:torrent\", \"regexp:Thunder\", \"regexp:(Subject|HELO|SMTP)\", \"regexp:(^.*@)(guerrillamail|guerrillamailblock|sharklasers|grr|pokemail|spam4|bccto|chacuo|027168)\\\\.(info|biz|com|de|net|org|me|la)\", \"regexp:(.*.||)(metatrader4|metatrader5|mql5)\\\\.(org|com|net)\", \"regexp:(.*.||)(netvi­ga­tor|tor­pro­ject)\\\\.(com|cn|net|org)\", \"gov.cn\", \"gqt.org.cn\", \"cctv.com\", \"cctv.cn\", \"xuexi.cn\", \"pbccrc.org.cn\", \"bank.ecitic.com\", \"12377.cn\", \"12321.cn\", \"ldnews.cn\", \"qinglangtianjin.com\", \"hangzhoujubao.com\", \"bjjubao.org.cn\", \"sdjuvao.cn\", \"cpd.com.cn\", \"news.cn\", \"people.com.cn\", \"toutiao.com\", \"rednet.cn\", \"alipay.com\", \"tenpay.com\", \"unionpay.com\", \"yunshanfu.cn\", \"icbc.com.cn\", \"ccb.com\", \"boc.cn\", \"bankcomm.com\", \"abchina.com\", \"cmbchina.com\", \"psbc.com\", \"cebbank.com\", \"cmbc.com.cn\", \"spdb.com.cn\", \"cib.com.cn\", \"hxb.com.cn\", \"cgbchina.com.cn\", \"jcbcard.cn\", \"adbc.com.cn\", \"pingan.com\", \"10099.com.cn\", \"10010.com\", \"189.cn\", \"10086.cn\", \"zijieapi.com\", \"izuiyou.com\", \"ixiaochuan.cn\", \"pipigx.com\", \"1688.com\", \"tmall.com\", \"taobao.com\", \"jd.com\", \"pinduoduo.com\", \"oneniceapp.com\", \"vip.com\", \"tianya.cn\", \"tieba.baidu.com\", \"xiaohongshu.com\", \"weibo.com\", \"weibo.cn\", \"zhihu.com\", \"douban.com\", \"renren.com\", \"xiaomi.cn\", \"oppo.cn\", \"oneplusbbs.com\", \"bbs.vivo.com.cn\", \"club.lenovo.com.cn\", \"bbs.iqoo.com\", \"realmebbs.com\", \"rogbbs.asus.com.cn\", \"bbs.myzte.cn\", \"club.huawei.com\", \"bbs.meizu.cn\", \"coolapk.com\", \"bbsuc.cn\", \"tangdou.com\", \"duitang.com\"]','[\"regexp:(?i)BitTorrent protocol\", \"regexp:(?i)Private Tracker protocol\", \"regexp:(?i)bittorrent\", \"regexp:(?i)torrent\", \"regexp:(?i)Thunder\", \"regexp:(?i)bittorrent\", \"regexp:(?i)torrent\", \"regexp:(?i)xunlei\", \"regexp:(?i)utorrent\", \"regexp:(?i)sandai\", \"regexp:(?i)transmission\", \"regexp:(?i)qbittorrent\", \"regexp:(?i)peer\", \"regexp:(?i)tracker\", \"regexp:(?i)dht\", \"regexp:(?i)magnet\", \"regexp:(?i)peerexchange\", \"regexp:(?i)announce\", \"regexp:(?i)p2p\", \"regexp:(?i)ed2k\", \"regexp:(?i)kad\", \"regexp:(?i)Thunder\", \"regexp:(?i)XLLiveUD\"]',1,'','US',20,10000,0,'',44634,0,'{\"cpu\": \"0%\", \"mem\": \"19%\", \"net\": \"\", \"disk\": \"59%\", \"uptime\": 9202614}','',0,1754021984,1,'',''),(12,'shadowsocks','🇯🇵 Japan 02','jp02.hg7f-las9-rdk5-9gmc.291600.xyz','12420',2916,'',NULL,'','transfer',0,0,10000,'','tcp,udp','','2022-blake3-aes-128-gcm','[]','[]','[\"gov.cn\", \"gqt.org.cn\", \"cctv.com\", \"cctv.cn\", \"xuexi.cn\", \"pbccrc.org.cn\", \"bank.ecitic.com\", \"12377.cn\", \"12321.cn\", \"ldnews.cn\", \"qinglangtianjin.com\", \"hangzhoujubao.com\", \"bjjubao.org.cn\", \"sdjuvao.cn\", \"cpd.com.cn\", \"news.cn\", \"people.com.cn\", \"toutiao.com\", \"rednet.cn\", \"tenpay.com\", \"unionpay.com\", \"yunshanfu.cn\", \"icbc.com.cn\", \"ccb.com\", \"boc.cn\", \"bankcomm.com\", \"abchina.com\", \"cmbchina.com\", \"psbc.com\", \"cebbank.com\", \"cmbc.com.cn\", \"spdb.com.cn\", \"cib.com.cn\", \"hxb.com.cn\", \"cgbchina.com.cn\", \"jcbcard.cn\", \"adbc.com.cn\", \"pingan.com\", \"10099.com.cn\", \"10010.com\", \"189.cn\", \"10086.cn\", \"zijieapi.com\", \"izuiyou.com\", \"ixiaochuan.cn\", \"pipigx.com\", \"1688.com\", \"tmall.com\", \"taobao.com\", \"jd.com\", \"pinduoduo.com\", \"oneniceapp.com\", \"vip.com\", \"tianya.cn\", \"tieba.baidu.com\", \"xiaohongshu.com\", \"weibo.com\", \"weibo.cn\", \"zhihu.com\", \"douban.com\", \"renren.com\", \"xiaomi.cn\", \"oppo.cn\", \"oneplusbbs.com\", \"bbs.vivo.com.cn\", \"club.lenovo.com.cn\", \"bbs.iqoo.com\", \"realmebbs.com\", \"rogbbs.asus.com.cn\", \"bbs.myzte.cn\", \"club.huawei.com\", \"bbs.meizu.cn\", \"coolapk.com\", \"bbsuc.cn\", \"tangdou.com\", \"duitang.com\"]','[\"bittorrent\"]',1,'','JP',20,10000,100,'',529763668,1,'{\"cpu\": \"0%\", \"mem\": \"20%\", \"net\": \"\", \"disk\": \"8%\", \"uptime\": 144341}','1,2,3,4,5,6,7,8',0,1754021933,1,'','');
/*!40000 ALTER TABLE `node` ENABLE KEYS */;
UNLOCK TABLES;

--
-- Table structure for table `settings`
--

DROP TABLE IF EXISTS `settings`;
/*!40101 SET @saved_cs_client     = @@character_set_client */;
/*!50503 SET character_set_client = utf8mb4 */;
CREATE TABLE `settings` (
  `dns_json` json DEFAULT NULL,
  `network_settings_json` json DEFAULT NULL,
  `domain_rule_json` json DEFAULT NULL,
  `protocol_rule_json` json DEFAULT NULL,
  `certificate` text CHARACTER SET utf8mb4 COLLATE utf8mb4_general_ci,
  `private_key` text CHARACTER SET utf8mb4 COLLATE utf8mb4_general_ci,
  `ua_whitelist` text,
  `ua_blacklist` text,
  `dynamic_rate_json` longtext,
  `exhaustion_rate` varchar(10) DEFAULT '1',
  `offline_node_mins` varchar(10) DEFAULT '10'
) ENGINE=InnoDB DEFAULT CHARSET=utf8mb4 COLLATE=utf8mb4_0900_ai_ci;
/*!40101 SET character_set_client = @saved_cs_client */;

--
-- Dumping data for table `settings`
--

LOCK TABLES `settings` WRITE;
/*!40000 ALTER TABLE `settings` DISABLE KEYS */;
INSERT INTO `settings` VALUES ('[]','[]','[\"gov.cn\", \"gqt.org.cn\", \"cctv.com\", \"cctv.cn\", \"xuexi.cn\", \"pbccrc.org.cn\", \"bank.ecitic.com\", \"12377.cn\", \"12321.cn\", \"ldnews.cn\", \"qinglangtianjin.com\", \"hangzhoujubao.com\", \"bjjubao.org.cn\", \"sdjuvao.cn\", \"cpd.com.cn\", \"news.cn\", \"people.com.cn\", \"toutiao.com\", \"rednet.cn\", \"alipay.com\", \"tenpay.com\", \"unionpay.com\", \"yunshanfu.cn\", \"icbc.com.cn\", \"ccb.com\", \"boc.cn\", \"bankcomm.com\", \"abchina.com\", \"cmbchina.com\", \"psbc.com\", \"cebbank.com\", \"cmbc.com.cn\", \"spdb.com.cn\", \"cib.com.cn\", \"hxb.com.cn\", \"cgbchina.com.cn\", \"jcbcard.cn\", \"adbc.com.cn\", \"pingan.com\", \"10099.com.cn\", \"10010.com\", \"189.cn\", \"10086.cn\", \"zijieapi.com\", \"izuiyou.com\", \"ixiaochuan.cn\", \"pipigx.com\", \"1688.com\", \"tmall.com\", \"taobao.com\", \"jd.com\", \"pinduoduo.com\", \"oneniceapp.com\", \"vip.com\", \"tianya.cn\", \"tieba.baidu.com\", \"xiaohongshu.com\", \"weibo.com\", \"weibo.cn\", \"zhihu.com\", \"douban.com\", \"renren.com\", \"xiaomi.cn\", \"oppo.cn\", \"oneplusbbs.com\", \"bbs.vivo.com.cn\", \"club.lenovo.com.cn\", \"bbs.iqoo.com\", \"realmebbs.com\", \"rogbbs.asus.com.cn\", \"bbs.myzte.cn\", \"club.huawei.com\", \"bbs.meizu.cn\", \"coolapk.com\", \"bbsuc.cn\", \"tangdou.com\", \"duitang.com\"]','[\"bittorrent\"]','','','','','{\r\n  \"1\": {\r\n    \"name\": \"标准版\",\r\n    \"rule\": {\r\n      \"0:00-1:59\": 1.1,\r\n      \"2:00-5:59\": 0.5,\r\n      \"6:00-7:59\": 0.8,\r\n      \"8:00-16:59\": 1,\r\n      \"17:00-19:59\": 1.2,\r\n      \"20:00-21:59\": 1.5,\r\n      \"22:00-23:59\": 1.3,\r\n      \"other\": 1\r\n    }\r\n  },\r\n  \"2\": {\r\n    \"name\": \"测试版\",\r\n    \"rule\": {\r\n      \"19:00-20:00\": 10,\r\n      \"other\": 0.1\r\n    }\r\n  }\r\n}','1','5');
/*!40000 ALTER TABLE `settings` ENABLE KEYS */;
UNLOCK TABLES;

--
-- Table structure for table `sub_log`
--

DROP TABLE IF EXISTS `sub_log`;
/*!40101 SET @saved_cs_client     = @@character_set_client */;
/*!50503 SET character_set_client = utf8mb4 */;
CREATE TABLE `sub_log` (
  `id` int NOT NULL AUTO_INCREMENT,
  `sid` int NOT NULL,
  `uid` int DEFAULT NULL,
  `ua` text,
  `client` varchar(60) DEFAULT NULL,
  `status` varchar(60) DEFAULT NULL,
  `ip` varchar(45) DEFAULT NULL,
  `time` int NOT NULL,
  PRIMARY KEY (`id`)
) ENGINE=InnoDB AUTO_INCREMENT=1946 DEFAULT CHARSET=utf8mb4 COLLATE=utf8mb4_0900_ai_ci;
/*!40101 SET character_set_client = @saved_cs_client */;

--
-- Dumping data for table `sub_log`
--

LOCK TABLES `sub_log` WRITE;
/*!40000 ALTER TABLE `sub_log` DISABLE KEYS */;
INSERT INTO `sub_log` VALUES (1857,55,6,'Clash','clashforandroid','success','112.120.105.172',1753545617),(1859,55,6,'Loon/882 CFNetwork/3859.100.1 Darwin/25.0.0','Unknown','success','13.112.61.77',1753399681),(1866,55,6,'v2rayN/7.12.3','v2rayn','success','58.152.22.69',1753405828),(1867,1,1,'Surge tvOS/3527','surge','success','101.19.156.61',1753410522),(1868,1,1,'Surge iOS/3496','surge','success','61.159.16.94',1753411509),(1869,55,6,'Shadowrocket/2335 CFNetwork/3826.500.131 Darwin/24.5.0 iPhone16,1','shadowrocket','success','139.227.122.105',1753583153),(1870,55,6,'Loon/882 CFNetwork/3826.500.131 Darwin/24.5.0','Unknown','success','2408:842c:1210:654c:c903:1d30:b4d0:a7e1',1753436307),(1871,55,6,'Loon/882 CFNetwork/3826.500.131 Darwin/24.5.0','Unknown','success','13.112.61.77',1753436309),(1872,55,6,'Loon/882 CFNetwork/3859.100.1 Darwin/25.0.0','Unknown','success','58.152.22.69',1753445125),(1873,1,1,'Surfboard Profile Fetcher/mobile-2.24.10 (Build 257) Dalvik/2.1.0 (Linux; U; Android 15; AMP-AN00 Build/HONORAMP-AN00)','surge','success','185.58.159.193',1753458090),(1874,1,1,'Surfboard Profile Fetcher/mobile-2.24.10 (Build 257) Dalvik/2.1.0 (Linux; U; Android 15; AMP-AN00 Build/HONORAMP-AN00)','surge','success','13.112.61.77',1753534287),(1875,1,1,'Surge tvOS/3527','surge','success','101.19.156.61',1753500524),(1876,1,1,'Surge iOS/3496','surge','success','101.19.156.61',1753506353),(1877,55,6,'Loon/883 CFNetwork/3859.100.1 Darwin/25.0.0','Unknown','success','13.112.61.77',1753528125),(1878,1,1,'Surge tvOS/3527','surge','success','101.19.156.61',1753590525),(1879,1,1,'Surge iOS/3496','surge','success','101.19.156.61',1753599025),(1880,1,1,'Surfboard Profile Fetcher/mobile-2.24.10 (Build 257) Dalvik/2.1.0 (Linux; U; Android 15; AMP-AN00 Build/HONORAMP-AN00)','surge','success','185.58.159.193',1753621265),(1881,1,1,'Mozilla/5.0 (Windows NT 10.0; Win64; x64) AppleWebKit/537.36 (KHTML, like Gecko) Chrome/138.0.0.0 Safari/537.36','Unknown','success','13.112.61.77',1753622055),(1882,1,1,'TelegramBot (like TwitterBot)','Unknown','success','149.154.161.250',1753622062),(1883,1,1,'ClashMetaForAndroid/2.8.9.Meta Mihomo/0.16','clashmeta','success','139.99.45.75',1753628313),(1884,55,6,'Loon/883 CFNetwork/3859.100.1 Darwin/25.0.0','Unknown','success','13.112.61.77',1753881919),(1885,55,6,'Loon/883 CFNetwork/3826.500.131 Darwin/24.5.0','Unknown','success','13.112.61.77',1753661618),(1886,1,1,'Surfboard Profile Fetcher/mobile-2.24.10 (Build 257) Dalvik/2.1.0 (Linux; U; Android 15; AMP-AN00 Build/HONORAMP-AN00)','surge','success','13.112.61.77',1753664646),(1887,55,6,'v2rayN/7.12.3','v2rayn','success','13.112.61.77',1753666537),(1888,55,6,'v2rayN/7.12.3','v2rayn','success','116.112.62.18',1753668793),(1889,1,1,'Surge tvOS/3527','surge','success','101.19.156.61',1753680526),(1890,1,1,'Surge iOS/3496','surge','success','101.19.156.61',1753690276),(1891,1,1,'clash-verge/v2.3.2','clashmeta','success','101.19.156.61',1753692511),(1892,55,6,'Shadowrocket/2335 CFNetwork/3826.500.131 Darwin/24.5.0 iPhone16,1','shadowrocket','success','139.227.122.105',1753736497),(1893,55,6,'Clash','clashforandroid','success','112.120.105.172',1753702554),(1894,55,6,'clash.meta','clashmeta','success','112.120.105.172',1753702214),(1895,1,1,'Surfboard Profile Fetcher/mobile-2.24.10 (Build 257) Dalvik/2.1.0 (Linux; U; Android 15; AMP-AN00 Build/HONORAMP-AN00)','surge','success','185.58.159.193',1753708081),(1896,55,6,'clash.meta','clashmeta','success','58.152.22.92',1753718620),(1897,55,6,'v2rayN/7.12.3','v2rayn','success','13.112.61.77',1753752944),(1898,1,1,'Surfboard Profile Fetcher/mobile-2.24.10 (Build 257) Dalvik/2.1.0 (Linux; U; Android 15; AMP-AN00 Build/HONORAMP-AN00)','surge','success','101.19.156.61',1753754463),(1899,1,1,'Surge tvOS/3527','surge','success','101.19.156.61',1753774127),(1900,55,6,'v2rayN/7.12.3','v2rayn','success','116.112.62.18',1753777874),(1901,55,6,'Shadowrocket/2335 CFNetwork/3826.500.131 Darwin/24.5.0 iPhone16,1','shadowrocket','success','2401:fa00:58:200:d51:b71e:ab90:b121',1753779719),(1902,55,6,'Clash','clashforandroid','success','218.190.1.118',1753816766),(1903,55,6,'Shadowrocket/2147 CFNetwork/3826.500.131 Darwin/24.5.0','shadowrocket','success','13.112.61.77',1753796933),(1904,1,1,'Surfboard Profile Fetcher/mobile-2.24.10 (Build 257) Dalvik/2.1.0 (Linux; U; Android 15; AMP-AN00 Build/HONORAMP-AN00)','surge','success','13.112.61.77',1753878518),(1905,55,6,'Shadowrocket/2147 CFNetwork/3826.500.131 Darwin/24.5.0','shadowrocket','success','45.8.22.36',1753798686),(1906,55,6,'clash.meta','clashmeta','success','50.114.152.150',1753804945),(1907,1,1,'v2rayNG/1.9.46','v2rayng','success','101.19.156.61',1753878380),(1908,80,3,'v2rayNG/1.9.46','v2rayng','success','101.19.156.61',1753878389),(1909,80,3,'TelegramBot (like TwitterBot)','shadowrocket','success','149.154.161.204',1753816066),(1910,1,1,'Mozilla/5.0 (Linux; Android 10; K) AppleWebKit/537.36 (KHTML, like Gecko) Chrome/138.0.0.0 Mobile Safari/537.36','Unknown','success','13.112.61.77',1753816181),(1911,55,6,'Clash','clashforandroid','success','50.114.152.150',1753816690),(1912,55,6,'clash.meta','clashmeta','success','112.120.105.172',1753891223),(1913,55,6,'Shadowrocket/2335 CFNetwork/3826.500.131 Darwin/24.5.0 iPhone16,1','shadowrocket','success','139.227.122.105',1753823301),(1914,55,6,'Clash','clashforandroid','success','46.3.97.147',1753823576),(1915,55,6,'Clash','clashforandroid','success','111.216.120.138',1753824543),(1916,1,1,'Surge tvOS/3527','surge','success','101.19.156.61',1753885032),(1917,55,6,'Shadowrocket/2335 CFNetwork/3826.500.131 Darwin/24.5.0 iPhone16,1','shadowrocket','success','58.247.23.130',1753868336),(1918,55,6,'Loon/883 CFNetwork/3859.100.1 Darwin/25.0.0','Unknown','success','218.190.1.118',1753877222),(1919,1,1,'Surge iOS/3496','surge','success','111.55.25.158',1753880051),(1920,1,1,'Surge iOS/3496','surge','success','61.159.16.25',1753880344),(1921,1,1,'Shadowrocket/2615 CFNetwork/1410.0.3 Darwin/22.6.0 iPhone14,5','surge','success','61.159.16.25',1753880455),(1922,1,1,'Surge iOS/3496','surge','success','2408:841d:66f0:3534:5e9:a79a:edac:e1fb',1753881557),(1923,1,1,'Surge iOS/3496','surge','success','61.159.16.41',1753881468),(1924,1,1,'Mozilla/5.0 (iPhone; CPU iPhone OS 16_6 like Mac OS X) AppleWebKit/605.1.15 (KHTML, like Gecko) Version/16.6 Mobile/15E148 Safari/604.1','surge','success','61.159.16.41',1753881250),(1925,1,1,'Shadowrocket/2615 CFNetwork/1410.0.3 Darwin/22.6.0 iPhone14,5','surge','success','2408:841d:66f0:3534:5e9:a79a:edac:e1fb',1753881506),(1926,1,1,'Shadowrocket/2615 CFNetwork/1410.0.3 Darwin/22.6.0 iPhone14,5','shadowrocket','success','2408:841d:66f0:3534:5e9:a79a:edac:e1fb',1753881514),(1927,1,1,'Shadowrocket/2615 CFNetwork/1410.0.3 Darwin/22.6.0 iPhone14,5','surge','success','185.58.159.193',1753881530),(1928,79,3,'Mozilla/5.0 (Windows NT 10.0; Win64; x64) AppleWebKit/537.36 (KHTML, like Gecko) Chrome/138.0.0.0 Safari/537.36','clashverge','success','13.112.61.77',1753884509),(1929,79,3,'clash-verge/v2.3.2','clashmeta','success','13.112.61.77',1753884142),(1930,1,1,'clash-verge/v2.3.2','clashmeta','success','13.112.61.77',1753886138),(1931,1,1,'Surge iOS/3496','surge','success','101.19.156.61',1753884810),(1932,80,3,'clash-verge/v2.3.2','clashmeta','success','13.112.61.77',1753885689),(1933,1,1,'clash-verge/v2.3.2','clashmeta','success','101.19.156.61',1753885607),(1934,80,3,'clash-verge/v2.3.2','clashverge','success','13.112.61.77',1753885702),(1935,80,3,'clash-verge/v2.3.2','clashverge','success','101.19.156.61',1753885877),(1936,1,1,'TelegramBot (like TwitterBot)','Unknown','success','149.154.161.237',1753892706),(1937,1,1,'ClashMetaForAndroid/2.8.9.Meta Mihomo/0.16','clashmeta','success','139.99.45.75',1753938488),(1938,55,6,'Shadowrocket/2335 CFNetwork/3826.500.131 Darwin/24.5.0 iPhone16,1','shadowrocket','success','139.227.122.105',1753911538),(1939,55,6,'Quantumult%20X/1.5.2 (iPhone12,1; iOS 26.0)','Unknown','success','112.120.105.172',1753938690),(1940,55,6,'v2rayN/7.12.3','v2rayn','success','13.112.61.77',1753944654),(1941,1,1,'Surge tvOS/3527','surge','success','101.19.156.61',1753972131),(1942,1,1,'Surge iOS/3496','surge','success','101.19.156.61',1753975985),(1943,55,6,'clash.meta','clashmeta','success','58.152.22.92',1753977727),(1944,55,6,'Shadowrocket/2335 CFNetwork/3826.500.131 Darwin/24.5.0 iPhone16,1','shadowrocket','success','13.112.61.77',1753978374),(1945,55,6,'Loon/883 CFNetwork/3859.100.1 Darwin/25.0.0','Unknown','success','13.112.61.77',1753978651);
/*!40000 ALTER TABLE `sub_log` ENABLE KEYS */;
UNLOCK TABLES;

--
-- Table structure for table `user`
--

DROP TABLE IF EXISTS `user`;
/*!40101 SET @saved_cs_client     = @@character_set_client */;
/*!50503 SET character_set_client = utf8mb4 */;
CREATE TABLE `user` (
  `id` int NOT NULL AUTO_INCREMENT,
  `uuid` varchar(36) NOT NULL,
  `t` int NOT NULL DEFAULT '0',
  `u` bigint NOT NULL,
  `d` bigint NOT NULL,
  `transfer_enable` bigint NOT NULL,
  `enable` tinyint NOT NULL DEFAULT '1',
  `created_at` int NOT NULL,
  `updated_at` int NOT NULL,
  `need_reset` tinyint(1) NOT NULL DEFAULT '1',
  `sid` int NOT NULL,
  `packageid` int DEFAULT NULL,
  `speedlimitss` int DEFAULT NULL,
  `speedlimitother` int DEFAULT NULL,
  `illegal` int NOT NULL DEFAULT '0',
  `remark` varchar(100) DEFAULT NULL,
  PRIMARY KEY (`id`)
) ENGINE=InnoDB AUTO_INCREMENT=49 DEFAULT CHARSET=utf8mb4 COLLATE=utf8mb4_0900_ai_ci;
/*!40101 SET character_set_client = @saved_cs_client */;

--
-- Dumping data for table `user`
--

LOCK TABLES `user` WRITE;
/*!40000 ALTER TABLE `user` DISABLE KEYS */;
INSERT INTO `user` VALUES (14,'565F7A2F-B74B-457C-8FC7-7F93E9D5A40C',1753864212,14174889,7950963097,600000000000,1,1724865609,1753632033,1,4,5,1500,1500,5,NULL),(16,'20FA6F24-C6F3-4260-8924-17135BD5CB16',1754021767,40246853,706143232,400000000000,1,1724865692,1753545622,1,2,4,1000,1000,1203,NULL),(18,'52FF404C-FF85-40E3-9AFF-A83FFB90DD94',1744702663,0,0,600000000000,1,1724918928,1753718496,1,5,5,1500,1500,0,NULL),(22,'CD020958-1348-4F3A-87EB-28B044647496',1754021958,2673837838,31691903101,1000000000000,1,1726364983,1753545622,2,1,1,10000,10000,92,NULL),(24,'11419945-7DFA-457E-9B53-EA33EEFD7ECD',1733641121,0,0,70000000000,1,1728202802,1751731215,1,29,2,1000,1000,0,NULL),(25,'1AB10132-8436-41AC-A6FD-1B8761A4E17D',1728814350,0,0,70000000000,1,1728249603,1751817614,1,30,2,1000,1000,0,NULL),(26,'86B6A08D-59E3-4694-AD0D-A3A550DB9E31',1739713896,0,0,80530636800,0,1728887403,1752422423,1,31,3,100,100,0,NULL),(27,'9D177FDA-A891-481C-A629-39017B3B6BEA',1741319534,0,0,536870912000,0,1735295967,1753459215,1,32,6,1000,1000,0,NULL),(32,'4CA13492-19CB-486F-8A58-066FDC07EF4C',1754021952,709498026,37069786269,1000000000000,1,1739713047,1752595235,1,55,6,2000,2000,77,NULL),(34,'F152F0E3-C823-4F75-B28E-82B17585A3A0',0,0,0,85899345920,0,1742736002,1753200022,1,58,3,180,180,0,NULL),(40,'FE0BADD4-5DAE-4220-A528-D21D1D66B0AC',1750776287,0,0,600000000000,1,1746586802,1751817614,1,70,5,1500,1500,0,NULL),(42,'714F2679-2891-423C-82DC-792B456A0681',0,0,0,225000000000,1,1753551903,1753551903,1,72,3,1000,1000,0,NULL),(43,'A9FEA3F3-3BA9-4B4C-9828-0EF5730466CF',0,0,0,225000000000,1,1753572003,1753572003,1,75,3,1000,1000,0,NULL),(44,'0A898C91-F5E4-4F07-98D5-47426EC0EC3E',0,0,0,225000000000,1,1753572303,1753572303,1,76,3,1000,1000,0,NULL),(45,'AC636964-158C-4DEA-891C-6F2EB583922D',0,0,0,225000000000,1,1753608302,1753608302,1,78,3,1000,1000,0,NULL),(46,'5AE06BAA-D90E-43B3-BEE4-E46E037F6B0D',0,0,0,225000000000,1,1753608304,1753608304,1,77,3,1000,1000,0,NULL),(47,'8F833B1C-CA87-442B-A26F-275F76B31FCF',0,0,0,225000000000,1,1753644002,1753644002,1,79,3,1000,1000,0,NULL),(48,'ED6B4F99-520F-4881-BFBD-CF404B073899',1753886191,482935012,481846999,100000000,0,1753646102,1753646102,1,80,4,1000,1000,0,NULL);
/*!40000 ALTER TABLE `user` ENABLE KEYS */;
UNLOCK TABLES;

--
-- Table structure for table `user_usage`
--

DROP TABLE IF EXISTS `user_usage`;
/*!40101 SET @saved_cs_client     = @@character_set_client */;
/*!50503 SET character_set_client = utf8mb4 */;
CREATE TABLE `user_usage` (
  `id` int NOT NULL AUTO_INCREMENT,
  `user_id` int NOT NULL,
  `t` int NOT NULL,
  `u` bigint NOT NULL,
  `d` bigint NOT NULL,
  `node` varchar(50) NOT NULL,
  `count_rate` float DEFAULT NULL,
  PRIMARY KEY (`id`)
) ENGINE=InnoDB AUTO_INCREMENT=88989 DEFAULT CHARSET=utf8mb4 COLLATE=utf8mb4_0900_ai_ci;
/*!40101 SET character_set_client = @saved_cs_client */;

--
-- Dumping data for table `user_usage`
--

LOCK TABLES `user_usage` WRITE;
/*!40000 ALTER TABLE `user_usage` DISABLE KEYS */;
INSERT INTO `user_usage` VALUES (54965,22,1746072000,45723417,2203252877,'DAY',NULL),(54966,16,1746072000,13246658,356242161,'DAY',NULL),(55218,16,1746158400,9914012,182226258,'DAY',NULL),(55219,22,1746158400,37892432,5841433306,'DAY',NULL),(55317,22,1746244800,148729854,1806782808,'DAY',NULL),(55318,16,1746244800,3012881,80788188,'DAY',NULL),(55444,22,1746331200,87436848,1668193834,'DAY',NULL),(55445,16,1746331200,2785878,105836651,'DAY',NULL),(55515,16,1746417600,11068859,449292615,'DAY',NULL),(55516,22,1746417600,11628457,348052111,'DAY',NULL),(55644,22,1746504000,32211259,1124012881,'DAY',NULL),(55645,16,1746504000,1219889,215877924,'DAY',NULL),(55914,22,1746590400,42660480,10556538497,'DAY',NULL),(55915,16,1746590400,3127309,350407478,'DAY',NULL),(55916,40,1746590400,6509703,315831783,'DAY',NULL),(55917,32,1746590400,350502,53872498,'DAY',NULL),(56162,22,1746676800,226898799,4527817950,'DAY',NULL),(56163,16,1746676800,8403035,226331348,'DAY',NULL),(56164,32,1746676800,1984365,99272877,'DAY',NULL),(56165,40,1746676800,2945926,283595240,'DAY',NULL),(56166,14,1746676800,4445995,1990974888,'DAY',NULL),(56578,22,1746763200,728586106,5272505550,'DAY',NULL),(56579,16,1746763200,5760790,293750239,'DAY',NULL),(56580,32,1746763200,3805000,1120490920,'DAY',NULL),(57174,16,1746849600,390000850,408817463,'DAY',NULL),(57175,22,1746849600,945338165,3346682999,'DAY',NULL),(57176,40,1746849600,1611792,74608446,'DAY',NULL),(57177,32,1746849600,126557,13934878,'DAY',NULL),(57300,22,1746936000,11325079,2384092516,'DAY',NULL),(57301,16,1746936000,3220614,329196951,'DAY',NULL),(57302,32,1746936000,1540854,366856817,'DAY',NULL),(57614,22,1747022400,352087232,9004839877,'DAY',NULL),(57615,16,1747022400,2808501,174856864,'DAY',NULL),(57616,32,1747022400,5545385,555836383,'DAY',NULL),(57911,22,1747108800,16369847,1536066616,'DAY',NULL),(57912,16,1747108800,4712830,412209270,'DAY',NULL),(57913,14,1747108800,6061716,3355099315,'DAY',NULL),(57914,32,1747108800,1286710,72431282,'DAY',NULL),(58067,16,1747195200,3500514,162246871,'DAY',NULL),(58068,22,1747195200,32405211,1356386693,'DAY',NULL),(58069,32,1747195200,2278334,129024833,'DAY',NULL),(58409,16,1747281600,6126811,739092501,'DAY',NULL),(58410,22,1747281600,396095457,10406136508,'DAY',NULL),(58411,32,1747281600,2648384,162490949,'DAY',NULL),(58412,14,1747281600,852375,385801342,'DAY',NULL),(58778,22,1747368000,157076369,8144396553,'DAY',NULL),(58779,14,1747368000,2148735,893405908,'DAY',NULL),(58780,16,1747368000,4330385,144932340,'DAY',NULL),(58781,32,1747368000,2305979,197277533,'DAY',NULL),(59194,22,1747454400,387190959,15808370908,'DAY',NULL),(59195,16,1747454400,3315757,70650289,'DAY',NULL),(59196,14,1747454400,1263584,724678389,'DAY',NULL),(59651,22,1747540800,509881544,26861207219,'DAY',NULL),(59652,16,1747540800,3850505,124068958,'DAY',NULL),(59653,14,1747540800,2358179,1290738251,'DAY',NULL),(59654,32,1747540800,399657,9082906,'DAY',NULL),(60243,22,1747627200,840139307,21314275669,'DAY',NULL),(60244,32,1747627200,2418492,143893626,'DAY',NULL),(60245,16,1747627200,9908415,552577278,'DAY',NULL),(60848,22,1747713600,1216298884,30734714037,'DAY',NULL),(60849,14,1747713600,2045149,779886818,'DAY',NULL),(60850,16,1747713600,3296982,492077478,'DAY',NULL),(60851,32,1747713600,1289544,56416688,'DAY',NULL),(61130,22,1747800000,300858596,4806010288,'DAY',NULL),(61131,16,1747800000,2988240,307034115,'DAY',NULL),(61132,32,1747800000,572363,27938921,'DAY',NULL),(61476,16,1747886400,34816201,163332607,'DAY',NULL),(61477,22,1747886400,89301853,14312454933,'DAY',NULL),(61478,32,1747886400,1308206,68351270,'DAY',NULL),(61978,22,1747972800,5052173021,28350883668,'DAY',NULL),(61979,16,1747972800,4297260,520529662,'DAY',NULL),(61980,32,1747972800,1036962,47409582,'DAY',NULL),(62356,22,1748059200,817608540,21541502753,'DAY',NULL),(62357,16,1748059200,1042637,52963272,'DAY',NULL),(62600,22,1748145600,928733278,13037440148,'DAY',NULL),(62601,16,1748145600,2187445,123237082,'DAY',NULL),(62901,16,1748232000,19518724,345655190,'DAY',NULL),(62902,22,1748232000,19272740,1570179624,'DAY',NULL),(62903,14,1748232000,7800208,3840873621,'DAY',NULL),(62904,32,1748232000,1157055,64950784,'DAY',NULL),(63191,22,1748318400,32042162,2653437283,'DAY',NULL),(63192,16,1748318400,18517971,355433036,'DAY',NULL),(63193,32,1748318400,2122132,115866728,'DAY',NULL),(63194,14,1748318400,3501086,707789518,'DAY',NULL),(64571,22,1748404800,96011506,21835303416,'DAY',NULL),(64572,32,1748404800,1624772,91710232,'DAY',NULL),(64573,16,1748404800,1396634,51985371,'DAY',NULL),(65827,22,1748491200,344821143,40382246714,'DAY',NULL),(65828,16,1748491200,3944757,48680938,'DAY',NULL),(65829,32,1748491200,1842035,111000262,'DAY',NULL),(65942,16,1748577600,8585165,99520619,'DAY',NULL),(65943,22,1748577600,164315069,1385039033,'DAY',NULL),(66116,16,1748664000,6396614,182944666,'DAY',NULL),(66117,22,1748664000,50407507,1691458356,'DAY',NULL),(66118,40,1748664000,2881821,121240595,'DAY',NULL),(66119,32,1748664000,1983178,411219316,'DAY',NULL),(66231,16,1748750400,39662153,19587456584,'DAY',NULL),(66232,22,1748750400,2905052,199960476,'DAY',NULL),(66233,32,1748750400,369043,59894724,'DAY',NULL),(66343,16,1748836800,9926215,380995696,'DAY',NULL),(66344,22,1748836800,7297272,351761469,'DAY',NULL),(66345,32,1748836800,1055607,132122469,'DAY',NULL),(66405,16,1748923200,1158215,24215421,'DAY',NULL),(66406,22,1748923200,17350897,107227847,'DAY',NULL),(66407,32,1748923200,280413,17157432,'DAY',NULL),(66500,22,1749009600,377877208,1295148319,'DAY',NULL),(66501,16,1749009600,4753113,119764298,'DAY',NULL),(66582,16,1749096000,8263636,639127661,'DAY',NULL),(66583,22,1749096000,1843017,536004118,'DAY',NULL),(66726,22,1749182400,1271097871,3131046974,'DAY',NULL),(66727,16,1749182400,2493025,76491585,'DAY',NULL),(66728,32,1749182400,837132,65772324,'DAY',NULL),(66896,22,1749268800,80666959,4021836290,'DAY',NULL),(66897,16,1749268800,6300737,285203624,'DAY',NULL),(67340,16,1749355200,124161995,639106079,'DAY',NULL),(67341,22,1749355200,503750582,6161897460,'DAY',NULL),(67342,32,1749355200,803205,55062365,'DAY',NULL),(67865,16,1749441600,10475603,140729568,'DAY',NULL),(67866,22,1749441600,1356856019,15356926771,'DAY',NULL),(67867,32,1749441600,2144575,121643174,'DAY',NULL),(68343,22,1749528000,982723362,13544289004,'DAY',NULL),(68344,16,1749528000,16751878,541287840,'DAY',NULL),(68345,32,1749528000,1955110,193899136,'DAY',NULL),(68625,16,1749614400,23160977,1077818526,'DAY',NULL),(68626,22,1749614400,24252232,2131000538,'DAY',NULL),(68627,32,1749614400,3121522,167433306,'DAY',NULL),(68843,16,1749700800,17295770,532863079,'DAY',NULL),(68844,22,1749700800,524585877,2984565677,'DAY',NULL),(68845,32,1749700800,544005,13460989,'DAY',NULL),(69259,16,1749787200,13045090,444516927,'DAY',NULL),(69260,22,1749787200,3104920830,37517229879,'DAY',NULL),(69261,32,1749787200,1818784,529678566,'DAY',NULL),(69855,16,1749873600,11691385,175655812,'DAY',NULL),(69856,22,1749873600,4568396007,43528133214,'DAY',NULL),(70091,22,1749960000,1413072996,8288249876,'DAY',NULL),(70092,16,1749960000,18323311,320993764,'DAY',NULL),(70523,22,1750046400,2586032626,36602796718,'DAY',NULL),(70524,16,1750046400,18180220,756145323,'DAY',NULL),(70639,16,1750132800,14977314,589547144,'DAY',NULL),(70640,22,1750132800,1385225,193519630,'DAY',NULL),(70702,16,1750219200,5902820,435280979,'DAY',NULL),(70703,22,1750219200,2574722,114103076,'DAY',NULL),(71074,16,1750305600,5776480,137200744,'DAY',NULL),(71075,22,1750305600,405864650,4746544114,'DAY',NULL),(71076,32,1750305600,26553729,1276446085,'DAY',NULL),(71335,22,1750392000,10670034,683443021,'DAY',NULL),(71336,16,1750392000,10468720,445603136,'DAY',NULL),(71337,32,1750392000,41013376,1735530424,'DAY',NULL),(71465,16,1750478400,14581916,614269154,'DAY',NULL),(71466,22,1750478400,98766593,1642192207,'DAY',NULL),(71637,22,1750564800,62194052,361069412,'DAY',NULL),(71638,16,1750564800,14842818,770182167,'DAY',NULL),(71639,40,1750564800,1040916,10659862,'DAY',NULL),(71777,16,1750651200,11436766,506320457,'DAY',NULL),(71778,22,1750651200,54967031,784503244,'DAY',NULL),(71779,32,1750651200,4559053,161492845,'DAY',NULL),(71956,16,1750737600,20948512,1447310280,'DAY',NULL),(71957,22,1750737600,2883169,42646964,'DAY',NULL),(71958,40,1750737600,2345955,55435568,'DAY',NULL),(72048,16,1750824000,6493759,317784947,'DAY',NULL),(72049,22,1750824000,18670867,64990814,'DAY',NULL),(72150,16,1750910400,5941743,234001336,'DAY',NULL),(72151,22,1750910400,49198654,108717890,'DAY',NULL),(72276,16,1750996800,7594582,304008034,'DAY',NULL),(72277,22,1750996800,36803798,1152659783,'DAY',NULL),(72278,32,1750996800,1326980,7664032,'DAY',NULL),(72431,16,1751083200,12764117,466638695,'DAY',NULL),(72432,22,1751083200,11550226,515225787,'DAY',NULL),(72574,22,1751169600,13716857,648490925,'DAY',NULL),(72575,16,1751169600,11370240,291595173,'DAY',NULL),(72684,16,1751256000,6784272,197331635,'DAY',NULL),(72685,22,1751256000,66936582,666415311,'DAY',NULL),(72686,32,1751256000,18999,1463320,'DAY',NULL),(73401,22,1751342400,6947792704,45431202999,'DAY',NULL),(73402,16,1751342400,23501153,753444932,'DAY',NULL),(73403,32,1751342400,6056062,172400981,'DAY',NULL),(73740,22,1751428800,87369542,19114835498,'DAY',NULL),(73741,16,1751428800,7208737,239880099,'DAY',NULL),(74140,22,1751515200,31817693,23252620708,'DAY',NULL),(74141,16,1751515200,14000248,691740024,'DAY',NULL),(74142,32,1751515200,229054,52438831,'DAY',NULL),(74359,22,1751601600,33571167,6031622833,'DAY',NULL),(74360,16,1751601600,3792682,137902053,'DAY',NULL),(74865,22,1751688000,8365500278,36667184054,'DAY',NULL),(74866,32,1751688000,2335163,143133106,'DAY',NULL),(74867,16,1751688000,1709873,131717673,'DAY',NULL),(75479,22,1751774400,18193147613,34125671315,'DAY',NULL),(75480,32,1751774400,146113,30040501,'DAY',NULL),(75481,16,1751774400,5976915,158604167,'DAY',NULL),(76092,16,1751860800,6657548,969381157,'DAY',NULL),(76093,22,1751860800,111059403,21274584185,'DAY',NULL),(76094,32,1751860800,51739157,1413210283,'DAY',NULL),(76560,22,1751947200,62162927,3726697758,'DAY',NULL),(76561,16,1751947200,13707347,1033658235,'DAY',NULL),(76562,32,1751947200,25286405,1244607162,'DAY',NULL),(77219,16,1752033600,20002782,794306107,'DAY',NULL),(77220,32,1752033600,11898509,713747831,'DAY',NULL),(77221,22,1752033600,94412612,12691247140,'DAY',NULL),(77683,22,1752120000,46675722,8736387622,'DAY',NULL),(77684,16,1752120000,16899619,5271262277,'DAY',NULL),(77685,32,1752120000,21336959,1407971260,'DAY',NULL),(78471,16,1752206400,33041800,1183036302,'DAY',NULL),(78472,22,1752206400,89456116,2615199353,'DAY',NULL),(78473,32,1752206400,64905819,2074399319,'DAY',NULL),(78863,16,1752292800,5733243,207520143,'DAY',NULL),(78864,22,1752292800,1267771392,22590361155,'DAY',NULL),(78865,32,1752292800,6023679,1006287397,'DAY',NULL),(79048,16,1752379200,4387336,113141341,'DAY',NULL),(79049,22,1752379200,273734392,5292901945,'DAY',NULL),(79050,32,1752379200,40625,6191297,'DAY',NULL),(79228,16,1752465600,6114498,272998157,'DAY',NULL),(79229,22,1752465600,405366090,2936403055,'DAY',NULL),(79230,32,1752465600,2756298,119430539,'DAY',NULL),(79903,16,1752552000,11921719,491922118,'DAY',NULL),(79904,22,1752552000,2603400300,24274229443,'DAY',NULL),(79905,32,1752552000,7182960,617817519,'DAY',NULL),(80100,16,1752638400,8218256,175494819,'DAY',NULL),(80101,22,1752638400,635398168,2842655147,'DAY',NULL),(80102,32,1752638400,17584891,693038985,'DAY',NULL),(80350,16,1752724800,12288656,426175705,'DAY',NULL),(80351,32,1752724800,1361562,81701829,'DAY',NULL),(80352,22,1752724800,1180691234,10126105201,'DAY',NULL),(80660,16,1752811200,6531541,415107682,'DAY',NULL),(80661,22,1752811200,1617296495,8758412990,'DAY',NULL),(80662,32,1752811200,12665272,844024521,'DAY',NULL),(80952,22,1752897600,1789693053,489268709429,'DAY',NULL),(80953,32,1752897600,1750849,50323627,'DAY',NULL),(80954,16,1752897600,1715228,77336178,'DAY',NULL),(81177,22,1752984000,243719365,7633735799,'DAY',NULL),(81178,16,1752984000,16665743,304027371,'DAY',NULL),(81179,32,1752984000,1070224,113335051,'DAY',NULL),(81570,16,1753070400,6559454,319741321,'DAY',NULL),(81571,32,1753070400,5397981,203247088,'DAY',NULL),(81572,22,1753070400,2451515958,23839047622,'DAY',NULL),(81958,22,1753156800,993807705,10253499216,'DAY',NULL),(81959,16,1753156800,9148689,214189602,'DAY',NULL),(81960,32,1753156800,3543188,352414549,'DAY',NULL),(82779,22,1753243200,1435362837,42784327759,'DAY',NULL),(82780,16,1753243200,2893544,89667082,'DAY',NULL),(82781,32,1753243200,11858201,1055298551,'DAY',NULL),(83351,22,1753329600,323994634,13908418302,'DAY',NULL),(83352,16,1753329600,5685216,173879895,'DAY',NULL),(83353,32,1753329600,19176412,994623375,'DAY',NULL),(84431,22,1753416000,4233122167,33357705730,'DAY',NULL),(84432,16,1753416000,7731043,226748264,'DAY',NULL),(84433,32,1753416000,114677227,12372740298,'DAY',NULL),(85160,16,1753502400,7920060,307393104,'DAY',NULL),(85161,22,1753502400,512101887,6638464542,'DAY',NULL),(85162,32,1753502400,37772435,3900175195,'DAY',NULL),(86138,32,1753588800,51667633,4592922261,'DAY',NULL),(86139,22,1753588800,149207859,6341270713,'DAY',NULL),(86140,14,1753588800,1699013,483621327,'DAY',NULL),(86141,16,1753588800,5140297,170139363,'DAY',NULL),(86966,22,1753675200,456497162,11752114469,'DAY',NULL),(86967,16,1753675200,7412452,153719259,'DAY',NULL),(86968,32,1753675200,110063973,3872084055,'DAY',NULL),(87948,14,1753761600,12523560,7596527613,'DAY',NULL),(87949,22,1753761600,552145255,1320145095,'DAY',NULL),(87950,32,1753761600,79600358,2767087578,'DAY',NULL),(87951,16,1753761600,4648567,82336819,'DAY',NULL),(88065,22,1753848000,885629943,2916152380,'DAY',NULL),(88066,48,1753848000,480294720,471745779,'DAY',NULL),(88067,32,1753848000,18185948,1035518429,'DAY',NULL),(88068,14,1753848000,1315277,352977961,'DAY',NULL),(88069,16,1753848000,1965654,62718186,'DAY',NULL),(88583,32,1753977647,55244,18048511,'🇯🇵 Japan 01',1),(88584,22,1753934400,83578306,5619661607,'DAY',NULL),(88585,32,1753934400,34671509,2617842077,'DAY',NULL),(88586,16,1753934400,5171600,172232863,'DAY',NULL),(88587,32,1753977710,89274,23639875,'🇯🇵 Japan 01',1),(88588,32,1753977772,65546,4692938,'🇯🇵 Japan 01',1),(88589,32,1753977834,318045,20701855,'🇯🇵 Japan 01',1),(88590,32,1753977896,265182,11038315,'🇯🇵 Japan 01',1),(88591,32,1753977957,163276,8721402,'🇯🇵 Japan 01',1),(88592,32,1753978143,45264,5684140,'🇯🇵 Japan 01',1),(88593,22,1753978329,168528,1438342,'🇯🇵 Japan 01',1),(88594,22,1753978391,266136,2687035,'🇯🇵 Japan 01',1),(88595,32,1753978391,741076,27101484,'🇯🇵 Japan 01',1),(88596,22,1753978453,271711,2578997,'🇯🇵 Japan 01',1),(88597,32,1753978453,99535,26325081,'🇯🇵 Japan 01',1),(88598,32,1753978516,42092,44430020,'🇯🇵 Japan 01',1),(88599,22,1753978516,60120,16450677,'🇩🇪 Germany 01',1),(88600,32,1753978578,8259,28046754,'🇯🇵 Japan 01',1),(88601,22,1753978703,172996,1023211,'🇯🇵 Japan 01',1),(88602,32,1753978703,278259,24771144,'🇯🇵 Japan 01',1),(88603,22,1753978765,643273,6315496,'🇯🇵 Japan 01',1),(88604,32,1753978765,29900,12732368,'🇯🇵 Japan 01',1),(88605,22,1753978829,843881,8135800,'🇯🇵 Japan 01',1),(88606,32,1753978829,26808,15922539,'🇯🇵 Japan 01',1),(88607,22,1753978892,845360,8624084,'🇯🇵 Japan 01',1),(88608,32,1753978892,30360,1560800,'🇯🇵 Japan 01',1),(88609,22,1753978954,784893,9450915,'🇯🇵 Japan 01',1),(88610,32,1753978954,21085,1123075,'🇯🇵 Japan 01',1),(88611,22,1753979016,600086,10067320,'🇯🇵 Japan 01',1),(88612,32,1753979016,18241,1008367,'🇯🇵 Japan 01',1),(88613,22,1753979078,566409,7433921,'🇯🇵 Japan 01',1),(88614,32,1753979078,21891,1113274,'🇯🇵 Japan 01',1),(88615,22,1753979140,1015987,12523805,'🇯🇵 Japan 01',1),(88616,32,1753979140,22922,987121,'🇯🇵 Japan 01',1),(88617,22,1753979201,345430,3658930,'🇯🇵 Japan 01',1),(88618,22,1753979254,265287,26562741,'🇯🇵 Japan 02',1),(88619,22,1753979264,142782,1206808,'🇯🇵 Japan 01',1),(88620,22,1753979315,64138301,174903333,'🇯🇵 Japan 02',1),(88621,22,1753979326,927039,8776341,'🇯🇵 Japan 01',1),(88622,22,1753979379,36769372,148145535,'🇯🇵 Japan 02',1),(88623,22,1753979451,1212571,14435102,'🇯🇵 Japan 01',1),(88624,22,1753979513,1265080,17126099,'🇯🇵 Japan 01',1),(88625,22,1753979575,183253,18994071,'🇯🇵 Japan 01',1),(88626,22,1753979637,138056,1855898,'🇯🇵 Japan 01',1),(88627,22,1753979698,203699,1320901,'🇯🇵 Japan 01',1),(88628,22,1753980133,1528847,5956266,'🇯🇵 Japan 01',1),(88629,22,1753980195,97731,2582419,'🇯🇵 Japan 01',1),(88630,22,1753980809,132628,10071280,'🇯🇵 Japan 01',1),(88631,22,1753981303,12631,1057185,'🇩🇪 Germany 01',1),(88632,16,1753981660,146743,1223613,'🇯🇵 Japan 01',1),(88633,22,1753982030,143249,2953935,'🇯🇵 Japan 01',1),(88634,22,1753982092,105364,972313,'🇯🇵 Japan 01',1),(88635,16,1753982584,78655,2682017,'🇯🇵 Japan 01',1),(88636,22,1753982769,272354,1031642,'🇯🇵 Japan 01',1),(88637,16,1753982769,184679,11070291,'🇯🇵 Japan 01',1),(88638,22,1753982831,103679,1169198,'🇯🇵 Japan 01',1),(88639,22,1753982892,114747,3767939,'🇯🇵 Japan 01',1),(88640,22,1753982954,162217,4445486,'🇯🇵 Japan 01',1),(88641,22,1753983016,133793,5441291,'🇯🇵 Japan 01',1),(88642,22,1753983077,528435,4441527,'🇯🇵 Japan 01',1),(88643,22,1753983139,91127,8282405,'🇯🇵 Japan 01',1),(88644,22,1753983264,208272,6124282,'🇯🇵 Japan 01',1),(88645,22,1753983326,114504,10917612,'🇯🇵 Japan 01',1),(88646,22,1753983388,228738,11632411,'🇯🇵 Japan 01',1),(88647,22,1753983450,408658,12074186,'🇯🇵 Japan 01',1),(88648,22,1753983512,423232,12536534,'🇯🇵 Japan 01',1),(88649,22,1753983573,739508,13344816,'🇯🇵 Japan 01',1),(88650,22,1753983635,496816,11018276,'🇯🇵 Japan 01',1),(88651,22,1753983820,10969,92111780,'🇯🇵 Japan 01',1),(88652,22,1753984066,164587,1098454,'🇯🇵 Japan 01',1),(88653,22,1753984189,155537,2816577,'🇯🇵 Japan 01',1),(88654,22,1753984621,50377,1262806,'🇯🇵 Japan 01',1),(88655,22,1753985485,288864,3645137,'🇯🇵 Japan 01',1),(88656,22,1753985547,61453,1047756,'🇯🇵 Japan 01',1),(88657,22,1753985609,94286,2547873,'🇯🇵 Japan 01',1),(88658,22,1753985974,242269,3348127,'🇯🇵 Japan 01',1),(88659,22,1753986036,228709,7928230,'🇯🇵 Japan 01',1),(88660,22,1753986098,430967,8533168,'🇯🇵 Japan 01',1),(88661,22,1753986714,141596,1483360,'🇯🇵 Japan 01',1),(88662,22,1753987023,189628,811010,'🇯🇵 Japan 01',1),(88663,22,1753987085,99655,1781318,'🇯🇵 Japan 01',1),(88664,22,1753987146,93253,2932623,'🇯🇵 Japan 01',1),(88665,22,1753987208,61403,2442260,'🇯🇵 Japan 01',1),(88666,22,1753987269,163314,4469344,'🇯🇵 Japan 01',1),(88667,22,1753987331,138294,5436621,'🇯🇵 Japan 01',1),(88668,22,1753987392,74152,6244675,'🇯🇵 Japan 01',1),(88669,22,1753987454,155669,6868182,'🇯🇵 Japan 01',1),(88670,22,1753987517,1574872,8049079,'🇯🇵 Japan 01',1),(88671,22,1753987579,321654,8490975,'🇯🇵 Japan 01',1),(88672,22,1753987641,365474,9247892,'🇯🇵 Japan 01',1),(88673,22,1753987702,471526,9772503,'🇯🇵 Japan 01',1),(88674,22,1753987764,505419,10804984,'🇯🇵 Japan 01',1),(88675,22,1753987826,244522,4824086,'🇯🇵 Japan 01',1),(88676,22,1753987887,356608,11997340,'🇯🇵 Japan 01',1),(88677,22,1753987949,107983,1370204,'🇯🇵 Japan 01',1),(88678,22,1753988133,673032,12338647,'🇯🇵 Japan 01',1),(88679,22,1753988194,57706,2753533,'🇯🇵 Japan 01',1),(88680,22,1753988317,160598,1242413,'🇯🇵 Japan 01',1),(88681,22,1753988379,136966,2394545,'🇯🇵 Japan 01',1),(88682,22,1753988441,117130,2637938,'🇯🇵 Japan 01',1),(88683,16,1753988566,15424,1025425,'🇯🇵 Japan 01',1),(88684,22,1753989183,132394,2803425,'🇯🇵 Japan 01',1),(88685,22,1753989244,198233,1824662,'🇯🇵 Japan 01',1),(88686,22,1753990108,161868,916172,'🇯🇵 Japan 01',1),(88687,22,1753990170,98949,1068903,'🇯🇵 Japan 01',1),(88688,22,1753990233,107914,4237115,'🇯🇵 Japan 01',1),(88689,22,1753990294,191509,6017787,'🇯🇵 Japan 01',1),(88690,22,1753990356,133468,6986695,'🇯🇵 Japan 01',1),(88691,22,1753990417,166263,7526472,'🇯🇵 Japan 01',1),(88692,22,1753990479,289120,7942831,'🇯🇵 Japan 01',1),(88693,22,1753990541,292948,9946719,'🇯🇵 Japan 01',1),(88694,22,1753990603,371272,10946326,'🇯🇵 Japan 01',1),(88695,22,1753990665,412422,11955323,'🇯🇵 Japan 01',1),(88696,22,1753990727,521913,12533447,'🇯🇵 Japan 01',1),(88697,22,1753990789,540756,12801038,'🇯🇵 Japan 01',1),(88698,22,1753990851,724578,13694569,'🇯🇵 Japan 01',1),(88699,22,1753990912,643536,13954105,'🇯🇵 Japan 01',1),(88700,22,1753990975,736904,14808454,'🇯🇵 Japan 01',1),(88701,22,1753991036,787146,14929121,'🇯🇵 Japan 01',1),(88702,22,1753991100,865740,12477237,'🇯🇵 Japan 01',1),(88703,22,1753991164,526398,16957406,'🇯🇵 Japan 01',1),(88704,22,1753991226,853235,16085326,'🇯🇵 Japan 01',1),(88705,22,1753991414,182392,1338184,'🇯🇵 Japan 01',1),(88706,22,1753991661,88337,2666355,'🇯🇵 Japan 01',1),(88707,22,1753992031,104194,3735723,'🇯🇵 Japan 01',1),(88708,22,1753992651,215916,1495853,'🇯🇵 Japan 01',1),(88709,22,1753992712,98035,1362896,'🇯🇵 Japan 01',1),(88710,22,1753992774,85713,3736263,'🇯🇵 Japan 01',1),(88711,22,1753992836,50356,2526712,'🇯🇵 Japan 01',1),(88712,22,1753992897,79002,6549485,'🇯🇵 Japan 01',1),(88713,22,1753992959,73049,7554438,'🇯🇵 Japan 01',1),(88714,22,1753993020,72523,6910928,'🇯🇵 Japan 01',1),(88715,22,1753993082,83579,7260472,'🇯🇵 Japan 01',1),(88716,22,1753993205,79185,7396584,'🇯🇵 Japan 01',1),(88717,22,1753993268,71358,11700309,'🇯🇵 Japan 01',1),(88718,22,1753993329,61091,12269452,'🇯🇵 Japan 01',1),(88719,22,1753993390,202897,8375846,'🇯🇵 Japan 01',1),(88720,22,1753993452,44116,1004405,'🇯🇵 Japan 01',1),(88721,22,1753993638,68367,361106659,'🇯🇵 Japan 01',1),(88722,22,1753993699,30161,36260369,'🇯🇵 Japan 01',1),(88723,22,1753994069,355737,848063,'🇯🇵 Japan 01',1),(88724,22,1753994561,128181,2185869,'🇯🇵 Japan 01',1),(88725,22,1753994623,70612,4464831,'🇯🇵 Japan 01',1),(88726,22,1753994685,86737,4971306,'🇯🇵 Japan 01',1),(88727,22,1753994746,62659,5751743,'🇯🇵 Japan 01',1),(88728,22,1753994808,96996,6818984,'🇯🇵 Japan 01',1),(88729,22,1753994870,96566,7688916,'🇯🇵 Japan 01',1),(88730,22,1753994931,240441,6583796,'🇯🇵 Japan 01',1),(88731,22,1753994993,91056,9193799,'🇯🇵 Japan 01',1),(88732,22,1753995054,70009,9464943,'🇯🇵 Japan 01',1),(88733,22,1753995116,94577,10344635,'🇯🇵 Japan 01',1),(88734,22,1753995177,76225,10648703,'🇯🇵 Japan 01',1),(88735,22,1753995239,94458,11665217,'🇯🇵 Japan 01',1),(88736,22,1753995300,120112,11970824,'🇯🇵 Japan 01',1),(88737,22,1753995362,122002,12873355,'🇯🇵 Japan 01',1),(88738,22,1753995424,107453,13049429,'🇯🇵 Japan 01',1),(88739,22,1753995485,147002,13547889,'🇯🇵 Japan 01',1),(88740,22,1753995546,148509,5551431,'🇯🇵 Japan 01',1),(88741,22,1753995608,48436,1030480,'🇯🇵 Japan 01',1),(88742,22,1753995731,808579,6061675,'🇯🇵 Japan 01',1),(88743,22,1753995854,130617,7653419,'🇯🇵 Japan 01',1),(88744,32,1753996224,52297,1539282,'🇯🇵 Japan 01',1),(88745,22,1753996593,107885,1622397,'🇯🇵 Japan 01',1),(88746,22,1753996655,124879,2472773,'🇯🇵 Japan 01',1),(88747,22,1753996709,3335,2122992,'🇩🇪 Germany 01',1),(88748,22,1753996716,158434,3415837,'🇯🇵 Japan 01',1),(88749,22,1753996777,146976,4032784,'🇯🇵 Japan 01',1),(88750,22,1753996839,176179,4773981,'🇯🇵 Japan 01',1),(88751,22,1753996900,217877,5124641,'🇯🇵 Japan 01',1),(88752,22,1753996961,141867,2453180,'🇯🇵 Japan 01',1),(88753,22,1753997023,370010,7323908,'🇯🇵 Japan 01',1),(88754,22,1753997085,455947,5434455,'🇯🇵 Japan 01',1),(88755,22,1753997147,546251,8306714,'🇯🇵 Japan 01',1),(88756,22,1753997208,720301,9040044,'🇯🇵 Japan 01',1),(88757,22,1753997270,408447,4057003,'🇯🇵 Japan 01',1),(88758,22,1753997332,781212,8780682,'🇯🇵 Japan 01',1),(88759,22,1753997393,800737,12109326,'🇯🇵 Japan 01',1),(88760,22,1753997454,816186,12440722,'🇯🇵 Japan 01',1),(88761,22,1753997516,1044005,13782508,'🇯🇵 Japan 01',1),(88762,22,1753997577,555302,7851742,'🇯🇵 Japan 01',1),(88763,22,1753997639,953843,12652795,'🇯🇵 Japan 01',1),(88764,22,1753997700,54543,1020731,'🇯🇵 Japan 01',1),(88765,22,1753997763,153127,2582090,'🇯🇵 Japan 01',1),(88766,22,1753997886,133287,3783252,'🇯🇵 Japan 01',1),(88767,22,1753998677,125525,3725552,'🇩🇪 Germany 01',1),(88768,22,1753998694,366457,15684044,'🇯🇵 Japan 02',1),(88769,22,1753998754,69948,975497,'🇯🇵 Japan 01',1),(88770,22,1753998817,138622,2443272,'🇯🇵 Japan 01',1),(88771,22,1753998862,112835,3878313,'🇩🇪 Germany 01',1),(88772,22,1753998879,57059,3509587,'🇯🇵 Japan 01',1),(88773,22,1753998924,53102,2133003,'🇩🇪 Germany 01',1),(88774,22,1753998941,296010,6080804,'🇯🇵 Japan 01',1),(88775,22,1753999004,166046,7600725,'🇯🇵 Japan 01',1),(88776,22,1753999068,138964,4927316,'🇯🇵 Japan 01',1),(88777,22,1753999130,305243,9395246,'🇯🇵 Japan 01',1),(88778,22,1753999193,312189,9756126,'🇯🇵 Japan 01',1),(88779,22,1753999255,332298,10825320,'🇯🇵 Japan 01',1),(88780,22,1753999317,398344,10777318,'🇯🇵 Japan 01',1),(88781,22,1753999378,441090,2375014,'🇯🇵 Japan 01',1),(88782,22,1753999812,126027,1473354,'🇯🇵 Japan 01',1),(88783,22,1753999874,169081,3980995,'🇯🇵 Japan 01',1),(88784,22,1753999936,229564,4832248,'🇯🇵 Japan 01',1),(88785,22,1753999998,93079,1161723,'🇯🇵 Japan 01',1),(88786,22,1754000120,185270,2103864,'🇯🇵 Japan 01',1),(88787,22,1754000182,600458,7194896,'🇯🇵 Japan 01',1),(88788,22,1754000244,732592,5611009,'🇯🇵 Japan 01',1),(88789,22,1754000305,734097,8354536,'🇯🇵 Japan 01',1),(88790,22,1754000366,584619,6514134,'🇯🇵 Japan 01',1),(88791,22,1754000428,214351,1418160,'🇯🇵 Japan 01',1),(88792,22,1754000675,150128,2575652,'🇯🇵 Japan 01',1),(88793,22,1754001046,286287,917161,'🇯🇵 Japan 01',1),(88794,22,1754001383,132388,1928018,'🇩🇪 Germany 01',1),(88795,22,1754001445,71229,127688891,'🇩🇪 Germany 01',1),(88796,22,1754001722,370606,2019983,'🇯🇵 Japan 01',1),(88797,22,1754001784,141965,2513394,'🇯🇵 Japan 01',1),(88798,22,1754001846,205269,3112574,'🇯🇵 Japan 01',1),(88799,22,1754001969,203446,2418929,'🇯🇵 Japan 01',1),(88800,22,1754002030,131150,1262489,'🇯🇵 Japan 01',1),(88801,22,1754002769,124424,5167940,'🇯🇵 Japan 01',1),(88802,22,1754002831,247035,1117335,'🇯🇵 Japan 01',1),(88803,22,1754002893,243998,4881178,'🇯🇵 Japan 01',1),(88804,22,1754002954,303075,9045904,'🇯🇵 Japan 01',1),(88805,22,1754003016,304477,9754071,'🇯🇵 Japan 01',1),(88806,22,1754003077,499022,10652559,'🇯🇵 Japan 01',1),(88807,22,1754003139,510971,11515477,'🇯🇵 Japan 01',1),(88808,22,1754003200,688488,12065897,'🇯🇵 Japan 01',1),(88809,22,1754003261,751043,12693005,'🇯🇵 Japan 01',1),(88810,22,1754003323,890008,13334191,'🇯🇵 Japan 01',1),(88811,22,1754003384,930481,13790057,'🇯🇵 Japan 01',1),(88812,22,1754003446,1177618,14296002,'🇯🇵 Japan 01',1),(88813,22,1754003507,931132,9892009,'🇯🇵 Japan 01',1),(88814,22,1754004554,160235,1859418,'🇯🇵 Japan 01',1),(88815,22,1754004820,1849898,21025,'🇯🇵 Japan 02',1),(88816,22,1754004924,305095,6429829,'🇯🇵 Japan 01',1),(88817,22,1754004985,236834,866593,'🇯🇵 Japan 01',1),(88818,32,1754005601,27051,1576731,'🇯🇵 Japan 01',1),(88819,22,1754007084,231669,9167977,'🇯🇵 Japan 01',1),(88820,22,1754007392,352015,698955,'🇯🇵 Japan 01',1),(88821,22,1754007515,114367,1480917,'🇯🇵 Japan 01',1),(88822,22,1754007577,246355,768116,'🇯🇵 Japan 01',1),(88823,32,1754007885,232393,9015885,'🇯🇵 Japan 01',1),(88824,22,1754008070,181965,3290208,'🇯🇵 Japan 01',1),(88825,22,1754008132,52833,14353602,'🇯🇵 Japan 01',1),(88826,22,1754008194,19472,1218293,'🇯🇵 Japan 01',1),(88827,22,1754008439,134300,6284331,'🇯🇵 Japan 01',1),(88828,32,1754008439,60676,4251959,'🇯🇵 Japan 01',1),(88829,22,1754008501,239438,1984612,'🇯🇵 Japan 01',1),(88830,22,1754008686,368820,3139122,'🇯🇵 Japan 01',1),(88831,22,1754008871,150035,1973299,'🇯🇵 Japan 01',1),(88832,32,1754008871,60381,1982613,'🇯🇵 Japan 01',1),(88833,22,1754008932,193026,1885366,'🇯🇵 Japan 01',1),(88834,22,1754008994,212845,4984613,'🇯🇵 Japan 01',1),(88835,22,1754009056,204084,5948126,'🇯🇵 Japan 01',1),(88836,22,1754009117,278612,7431203,'🇯🇵 Japan 01',1),(88837,22,1754009179,361888,7948716,'🇯🇵 Japan 01',1),(88838,22,1754009241,402518,8635254,'🇯🇵 Japan 01',1),(88839,22,1754009302,485752,9688941,'🇯🇵 Japan 01',1),(88840,22,1754009363,691097,10712659,'🇯🇵 Japan 01',1),(88841,22,1754009393,106867,4029312,'🇩🇪 Germany 01',1),(88842,22,1754009425,750904,9558875,'🇯🇵 Japan 01',1),(88843,22,1754009489,109084,1866733,'🇯🇵 Japan 01',1),(88844,22,1754009676,121134,2823368,'🇯🇵 Japan 01',1),(88845,32,1754009738,19457,10709690,'🇯🇵 Japan 01',1),(88846,32,1754009801,31381,16247004,'🇯🇵 Japan 01',1),(88847,32,1754009863,14130,3394357,'🇯🇵 Japan 01',1),(88848,32,1754009925,33718,17222498,'🇯🇵 Japan 01',1),(88849,22,1754010234,156283,2625497,'🇯🇵 Japan 01',1),(88850,22,1754010295,188625,1789904,'🇯🇵 Japan 01',1),(88851,22,1754010357,155404,1031687,'🇯🇵 Japan 01',1),(88852,22,1754010418,125768,2550115,'🇯🇵 Japan 01',1),(88853,22,1754010480,113339,4569432,'🇯🇵 Japan 01',1),(88854,22,1754010542,54300,1580481,'🇯🇵 Japan 01',1),(88855,32,1754010542,77509,1320706,'🇯🇵 Japan 01',1),(88856,32,1754010665,1030762,37475093,'🇯🇵 Japan 01',1),(88857,32,1754010727,153332,51644236,'🇯🇵 Japan 01',1),(88858,22,1754010789,446093,7912674,'🇯🇵 Japan 01',1),(88859,32,1754010789,71418,34309399,'🇯🇵 Japan 01',1),(88860,22,1754010850,421018,9478226,'🇯🇵 Japan 01',1),(88861,22,1754010912,513597,10699254,'🇯🇵 Japan 01',1),(88862,32,1754010912,65615,18789605,'🇯🇵 Japan 01',1),(88863,22,1754010974,545332,11300884,'🇯🇵 Japan 01',1),(88864,32,1754010974,161242,22525598,'🇯🇵 Japan 01',1),(88865,22,1754011035,410233,4305915,'🇯🇵 Japan 01',1),(88866,32,1754011035,78803,5343492,'🇯🇵 Japan 01',1),(88867,22,1754011097,339591,115838335,'🇯🇵 Japan 01',1),(88868,32,1754011097,63650,21647602,'🇯🇵 Japan 01',1),(88869,32,1754011159,20304,2512791,'🇯🇵 Japan 01',1),(88870,22,1754011282,234703,3058132,'🇯🇵 Japan 01',1),(88871,32,1754011282,4968,1302161,'🇯🇵 Japan 01',1),(88872,32,1754011343,248967,5695424,'🇯🇵 Japan 01',1),(88873,32,1754011405,369077,15932481,'🇯🇵 Japan 01',1),(88874,22,1754011467,745536,39654245,'🇯🇵 Japan 01',1),(88875,32,1754011467,93904,11503680,'🇯🇵 Japan 01',1),(88876,22,1754011528,539433,943591,'🇯🇵 Japan 01',1),(88877,32,1754011528,39869,4802176,'🇯🇵 Japan 01',1),(88878,22,1754011590,387342,1114698,'🇯🇵 Japan 01',1),(88879,32,1754011590,39081,5040023,'🇯🇵 Japan 01',1),(88880,22,1754011652,104012,1448808,'🇯🇵 Japan 01',1),(88881,32,1754011652,43621,4729656,'🇯🇵 Japan 01',1),(88882,32,1754011714,43910,6751877,'🇯🇵 Japan 01',1),(88883,22,1754011775,133020,1073346,'🇯🇵 Japan 01',1),(88884,32,1754011775,38183,6027541,'🇯🇵 Japan 01',1),(88885,32,1754011838,48425,6132424,'🇯🇵 Japan 01',1),(88886,22,1754011899,258247,3122668,'🇯🇵 Japan 01',1),(88887,32,1754011899,27581,3962771,'🇯🇵 Japan 01',1),(88888,22,1754011961,98836,20535050,'🇯🇵 Japan 01',1),(88889,32,1754012022,169104,2928650,'🇯🇵 Japan 01',1),(88890,32,1754012085,281579,13479109,'🇯🇵 Japan 01',1),(88891,32,1754012146,185013,13148615,'🇯🇵 Japan 01',1),(88892,32,1754012208,134740,7192836,'🇯🇵 Japan 01',1),(88893,32,1754012269,93886,6548610,'🇯🇵 Japan 01',1),(88894,32,1754012331,115940,6102330,'🇯🇵 Japan 01',1),(88895,22,1754012393,169758,944830,'🇯🇵 Japan 01',1),(88896,32,1754012393,144827,7458354,'🇯🇵 Japan 01',1),(88897,32,1754012454,246590,9169817,'🇯🇵 Japan 01',1),(88898,22,1754012476,85974,1158577,'🇯🇵 Japan 02',1),(88899,32,1754012516,228478,6798548,'🇯🇵 Japan 01',1),(88900,22,1754012538,348464,3922314,'🇯🇵 Japan 02',1),(88901,32,1754012577,67516,3384791,'🇯🇵 Japan 01',1),(88902,22,1754012600,495942,4033203,'🇯🇵 Japan 02',1),(88903,32,1754012638,277022,10148410,'🇯🇵 Japan 01',1),(88904,22,1754012661,447204,4353253,'🇯🇵 Japan 02',1),(88905,32,1754012700,81206,20534803,'🇯🇵 Japan 01',1),(88906,22,1754012723,568150,5104415,'🇯🇵 Japan 02',1),(88907,32,1754012761,167025,2058872,'🇯🇵 Japan 01',1),(88908,22,1754012784,469241,4591190,'🇯🇵 Japan 02',1),(88909,32,1754012823,102161,15779499,'🇯🇵 Japan 01',1),(88910,32,1754012884,437521,10540177,'🇯🇵 Japan 01',1),(88911,22,1754012908,762825,6367614,'🇯🇵 Japan 02',1),(88912,32,1754012945,381015,20756822,'🇯🇵 Japan 01',1),(88913,22,1754012969,480699,6694219,'🇯🇵 Japan 02',1),(88914,32,1754013007,50304,9877264,'🇯🇵 Japan 01',1),(88915,22,1754013031,285695,3221569,'🇯🇵 Japan 02',1),(88916,32,1754013068,186117,9677941,'🇯🇵 Japan 01',1),(88917,22,1754013093,266501,4399847,'🇯🇵 Japan 02',1),(88918,32,1754013130,223529,5702424,'🇯🇵 Japan 01',1),(88919,22,1754013154,23606,2197430,'🇯🇵 Japan 02',1),(88920,32,1754013191,59344,8824745,'🇯🇵 Japan 01',1),(88921,22,1754013216,212992,1109247,'🇯🇵 Japan 02',1),(88922,32,1754013253,292346,10328829,'🇯🇵 Japan 01',1),(88923,22,1754013277,83552,1034332,'🇯🇵 Japan 02',1),(88924,32,1754013315,267777,9501679,'🇯🇵 Japan 01',1),(88925,32,1754013376,170863,6711879,'🇯🇵 Japan 01',1),(88926,32,1754013438,178284,4955708,'🇯🇵 Japan 01',1),(88927,32,1754013500,263384,7225820,'🇯🇵 Japan 01',1),(88928,22,1754013561,405439,3171164,'🇯🇵 Japan 01',1),(88929,32,1754013561,102659,16899611,'🇯🇵 Japan 01',1),(88930,32,1754013624,606853,7183986,'🇯🇵 Japan 01',1),(88931,32,1754013686,140474,16240542,'🇯🇵 Japan 01',1),(88932,32,1754013748,48855,1971817,'🇯🇵 Japan 01',1),(88933,32,1754013810,128263,12713676,'🇯🇵 Japan 01',1),(88934,32,1754013872,58631,1794248,'🇯🇵 Japan 01',1),(88935,22,1754013933,869418,953250,'🇯🇵 Japan 01',1),(88936,32,1754013933,176251,14515099,'🇯🇵 Japan 01',1),(88937,32,1754013995,183510,15226517,'🇯🇵 Japan 01',1),(88938,22,1754014056,1099698,1019161,'🇯🇵 Japan 01',1),(88939,32,1754014056,115251,4354596,'🇯🇵 Japan 01',1),(88940,22,1754014118,462780,656731,'🇯🇵 Japan 01',1),(88941,32,1754014118,149800,9829357,'🇯🇵 Japan 01',1),(88942,22,1754014180,916719,723995,'🇯🇵 Japan 01',1),(88943,32,1754014180,424652,10527511,'🇯🇵 Japan 01',1),(88944,22,1754014241,534064,839630,'🇯🇵 Japan 01',1),(88945,32,1754014241,137996,2056679,'🇯🇵 Japan 01',1),(88946,22,1754014303,823538,948173,'🇯🇵 Japan 01',1),(88947,32,1754014365,421431,12019547,'🇯🇵 Japan 01',1),(88948,32,1754014426,129186,3185473,'🇯🇵 Japan 01',1),(88949,32,1754014549,90006,2882202,'🇯🇵 Japan 01',1),(88950,32,1754014611,190975,14872747,'🇯🇵 Japan 01',1),(88951,32,1754014735,218905,7114751,'🇯🇵 Japan 01',1),(88952,32,1754014796,259743,3153701,'🇯🇵 Japan 01',1),(88953,22,1754014920,443853,909940,'🇯🇵 Japan 01',1),(88954,22,1754014982,542720,8609381,'🇯🇵 Japan 01',1),(88955,22,1754015043,401491,2755888,'🇯🇵 Japan 01',1),(88956,32,1754015043,56986,5056041,'🇯🇵 Japan 01',1),(88957,22,1754015167,272923,901994,'🇯🇵 Japan 01',1),(88958,22,1754015228,494358,4297540,'🇯🇵 Japan 01',1),(88959,32,1754015228,48011,993905,'🇯🇵 Japan 01',1),(88960,22,1754015290,554764,4705559,'🇯🇵 Japan 01',1),(88961,22,1754015352,719134,5297565,'🇯🇵 Japan 01',1),(88962,22,1754015414,742344,3648280,'🇯🇵 Japan 01',1),(88963,22,1754015537,1149379,3902183,'🇯🇵 Japan 01',1),(88964,22,1754015599,713862,3014244,'🇯🇵 Japan 01',1),(88965,22,1754015660,594509,6586223,'🇯🇵 Japan 01',1),(88966,22,1754015722,593301,3996181,'🇯🇵 Japan 01',1),(88967,22,1754015907,327919,4587642,'🇯🇵 Japan 01',1),(88968,22,1754015968,700470,7879099,'🇯🇵 Japan 01',1),(88969,22,1754016030,604651,7999297,'🇯🇵 Japan 01',1),(88970,22,1754016091,599101,8477520,'🇯🇵 Japan 01',1),(88971,22,1754016153,669524,9097899,'🇯🇵 Japan 01',1),(88972,22,1754016215,553033,5225083,'🇯🇵 Japan 01',1),(88973,22,1754016903,19785,2442157,'🇩🇪 Germany 01',1),(88974,32,1754018496,5998,1305803,'🇯🇵 Japan 01',1),(88975,32,1754019297,188740,15479597,'🇯🇵 Japan 01',1),(88976,32,1754019359,152500,14428814,'🇯🇵 Japan 01',1),(88977,32,1754019420,160108,12529833,'🇯🇵 Japan 01',1),(88978,22,1754019434,8551,1550761,'🇩🇪 Germany 01',1),(88979,32,1754020595,632228,16522145,'🇯🇵 Japan 01',1),(88980,32,1754020657,131297,4218426,'🇯🇵 Japan 01',1),(88981,32,1754021026,161916,7334914,'🇯🇵 Japan 01',1),(88982,32,1754021272,114579,5640028,'🇯🇵 Japan 01',1),(88983,32,1754021457,2580540,9932157,'🇯🇵 Japan 01',1),(88984,32,1754021519,85853,3189536,'🇯🇵 Japan 01',1),(88985,32,1754021581,73153,4651697,'🇯🇵 Japan 01',1),(88986,22,1754021643,280023,2188047,'🇯🇵 Japan 01',1),(88987,32,1754021828,69908,4637782,'🇯🇵 Japan 01',1),(88988,22,1754021835,5864,3232502,'🇩🇪 Germany 01',1);
/*!40000 ALTER TABLE `user_usage` ENABLE KEYS */;
UNLOCK TABLES;

--
-- Dumping events for database 'v2raysocks'
--

--
-- Dumping routines for database 'v2raysocks'
--
/*!40103 SET TIME_ZONE=@OLD_TIME_ZONE */;

/*!40101 SET SQL_MODE=@OLD_SQL_MODE */;
/*!40014 SET FOREIGN_KEY_CHECKS=@OLD_FOREIGN_KEY_CHECKS */;
/*!40014 SET UNIQUE_CHECKS=@OLD_UNIQUE_CHECKS */;
/*!40101 SET CHARACTER_SET_CLIENT=@OLD_CHARACTER_SET_CLIENT */;
/*!40101 SET CHARACTER_SET_RESULTS=@OLD_CHARACTER_SET_RESULTS */;
/*!40101 SET COLLATION_CONNECTION=@OLD_COLLATION_CONNECTION */;
/*!40111 SET SQL_NOTES=@OLD_SQL_NOTES */;

-- Dump completed on 2025-08-01 12:19:51
